ID,Scanner,Layer,Raw_material,Class,Blank,Technology,Cortex,Preservation,Volume,Surface,Length,Width,Thickness,Core_classification
CTC_1,Artec.Spider,rsa',Fine-grained chert,Core,Other,Other,0%,NA,22491.4,5305.13,59.5,36.09999847,26.70000076,Semi-circumferential
CTC_10,Artec.Spider,rsa',Fine-grained chert,Core,Other,Other,33-66%,NA,4184.02,1628.96,31.60000038,17.20000076,18.10000038,Multi-platform
CTC_100,Artec.Spider,rsa',Fine-grained chert,Core-Tool,Other,Other,1-33%,NA,10913.76,2761.13,24.39999962,36.40000153,28.89999962,Carinated
CTC_1000,Artec.Spider,gic,Fine-grained chert,Core-Tool,Other,Other,33-66%,NA,7064.75,2514.46,36.59999847,18.10000038,22.20000076,Initial carinated
CTC_1002,Artec.Spider,gic,Fine-grained chert,Core-Tool,Flake,Optimal,0%,NA,3383.35,1702.22,16,24.39999962,33.90000153,Carinated
CTC_1003,Artec.Spider,gic,Radiolarite,Tool,Flake,Optimal,0%,Complete,2679.1,1491.73,34.40000153,22.60000038,7.599999905,NA
CTC_1004,Artec.Spider,gic,Fine-grained chert,Core-Tool,Undetermined,Other,0%,NA,270.1,284.75,10.10000038,13.80000019,7.5,Carinated
CTC_1006,Artec.Spider,gic,Fine-grained chert,Core,Other,Other,0%,NA,7712.54,2629.17,27.89999962,22.29999924,33.59999847,Semi-circumferential
CTC_1007,Artec.Spider,gic,Fine-grained chert,Blank,Flake,Maintenance,0%,Complete,4435.96,2172.98,55,26,13.30000019,NA
CTC_1008,Artec.Spider,gic,Fine-grained chert,Core-Tool,Flake,Optimal,0%,NA,11304.57,3395.87,23.60000038,34.59999847,46.40000153,Carinated
CTC_1009,Artec.Spider,gic,Fine-grained chert,Core-Tool,Flake,Semi-cortical,1-33%,NA,18362.89,4782.81,23.29999924,47.70000076,45.29999924,Carinated
CTC_101,Artec.Spider,rsa',Fine-grained chert,Core-Tool,Flake,Optimal,0%,Undetermined,5374.57,1953.65,17.39999962,24.70000076,15.39999962,Carinated
CTC_1010,Artec.Spider,gic,Fine-grained chert,Core-Tool,Flake,Semi-cortical,33-66%,NA,12236.49,3452.59,25,36.70000076,44.79999924,Initial carinated
CTC_1011,Artec.Spider,gic,Fine-grained chert,Blank,Blade,Maintenance,0%,Complete,3567.25,2024,49.09999847,20.79999924,10,NA
CTC_1013,Artec.Micro,gic,Fine-grained chert,Tool,Bladelet,Optimal,0%,Complete,54.16,144.29,18.39999962,4,1.200000048,NA
CTC_1014,Artec.Spider,gic,Fine-grained chert,Tool,Blade,Optimal,0%,Complete,6100.74,2859.44,63.70000076,23.5,10.19999981,NA
CTC_1015,Artec.Spider,gic,Fine-grained chert,Core-Tool,Flake,Optimal,0%,NA,4320.74,1775.08,19.39999962,30.70000076,22.89999962,Initial carinated
CTC_1016,Artec.Spider,gic,Fine-grained chert,Blank,Blade,Optimal,0%,Complete,1439.8,1301.68,50.29999924,13.39999962,5.099999905,NA
CTC_1018,Artec.Spider,gic,Fine-grained chert,Core-Tool,Flake,Semi-cortical,33-66%,NA,7055.39,2593.5,19.20000076,37.29999924,29.5,Multi-platform carinated
CTC_1019,Artec.Spider,gic,Fine-grained chert,Core,Other,Other,0%,NA,1251.71,973.87,35,14.39999962,7.5,Bipolar
CTC_102,Artec.Spider,rsa',Coarse-grained chert,Tool,Blade,Optimal,0%,Distal,1201.58,977.01,24.70000076,18.79999924,5.800000191,NA
CTC_1020,Artec.Spider,gic,Fine-grained chert,Tool,Blade,Optimal,0%,Distal,2033.6,1251.48,NA,21.70000076,7.599999905,NA
CTC_1022,Artec.Micro,gic,Fine-grained chert,Tool,Bladelet,Optimal,0%,Complete,41.09,121.56,13,5.900000095,1.5,NA
CTC_1023,Artec.Spider,gic,Fine-grained chert,Core-Tool,Flake,Optimal,0%,NA,2208.69,1144.72,33.40000153,12.10000038,16.20000076,Burin core
CTC_1024,Artec.Spider,gic,Fine-grained chert,Core,Flake,Semi-cortical,1-33%,Distal,2091.12,1173.2,26.39999962,25.5,12.30000019,Semi-circumferential
CTC_1025,Artec.Micro,gic,Fine-grained chert,Tool,Bladelet,Optimal,0%,Complete,98.99,179.12,17.70000076,5,2.099999905,NA
CTC_1026,Artec.Spider,gic,Radiolarite,Core-Tool,Flake,Optimal,0%,NA,2348.56,1305.23,13.60000038,23.10000038,28.79999924,Carinated
CTC_103,Artec.Spider,rsa',Coarse-grained chert,Core-Tool,Undetermined,Other,0%,NA,7575.93,2496.92,22.20000076,34.09999847,26.10000038,Multi-platform carinated
CTC_1034,Artec.Micro,gic,Fine-grained chert,Tool,Bladelet,Optimal,0%,Complete,12.65,41.63,7.199999809,3.5,1.299999952,NA
CTC_1035,Artec.Micro,gic,Fine-grained chert,Tool,Bladelet,Optimal,0%,Complete,71.43,153.52,18.20000076,4.800000191,2,NA
CTC_104,Artec.Spider,rsa',Coarse-grained chert,Core,Other,Other,0%,NA,84400.86,13165.47,84.30000305,53.09999847,47.5,Tested raw material
CTC_105,Artec.Spider,rsa',Fine-grained chert,Tool,Flake,Optimal,0%,Complete,3618.94,1643.89,28.5,23.29999924,13.19999981,NA
CTC_1054,Artec.Micro,gic,Fine-grained chert,Tool,Bladelet,Optimal,0%,Complete,247.56,276.86,16.29999924,8.899999619,4.900000095,NA
CTC_1055,Artec.Micro,gic,Fine-grained chert,Tool,Bladelet,Optimal,0%,Complete,70.16,167.56,19.29999924,4.599999905,1.299999952,NA
CTC_1056,Artec.Micro,gic,Radiolarite,Tool,Bladelet,Optimal,0%,Complete,55.45,174.99,21.60000038,4.800000191,1,NA
CTC_1057,Artec.Micro,gic,Fine-grained chert,Tool,Bladelet,Optimal,0%,Complete,111.73,219.72,19.60000038,5.599999905,2.099999905,NA
CTC_1058,Artec.Micro,gic,Radiolarite,Tool,Bladelet,Optimal,0%,Complete,21.72,69.24,9.199999809,4.099999905,1,NA
CTC_1060,Artec.Micro,gic,Fine-grained chert,Tool,Bladelet,Optimal,0%,Complete,72.6,174.98,14.89999962,6.400000095,1.600000024,NA
CTC_1061,Artec.Micro,gic,Fine-grained chert,Tool,Bladelet,Optimal,0%,Complete,16.62,64.76,10.10000038,3.5,1,NA
CTC_1067,Artec.Micro,gic,Fine-grained chert,Tool,Bladelet,Optimal,0%,Complete,111.12,197.5,14.5,7.300000191,2.099999905,NA
CTC_1071,Artec.Micro,gic,Fine-grained chert,Tool,Bladelet,Optimal,0%,Complete,226.35,383.23,34.70000076,5.900000095,2.400000095,NA
CTC_1088,Artec.Spider,gic,Fine-grained chert,Core-Tool,Flake,Optimal,0%,NA,5577.26,2133.8,15.10000038,31,31.5,Carinated
CTC_1089,Artec.Spider,gic,Fine-grained chert,Tool,Flake,Optimal,0%,Complete,1737.91,1061.89,24.20000076,18.89999962,6.800000191,NA
CTC_1090,Artec.Micro,gic,Fine-grained chert,Tool,Bladelet,Optimal,0%,Complete,38.61,105.94,14,3.700000048,1.5,NA
CTC_1091,Artec.Micro,gic,Fine-grained chert,Tool,Bladelet,Optimal,0%,Complete,55.59,151.99,14.19999981,7.099999905,1.399999976,NA
CTC_1092,Artec.Micro,gic,Fine-grained chert,Tool,Bladelet,Optimal,0%,Complete,25.96,81.77,10.19999981,5.099999905,1.100000024,NA
CTC_1094,Artec.Micro,gic,Fine-grained chert,Tool,Bladelet,Optimal,0%,Complete,8.83,31.49,5.800000191,3,0.699999988,NA
CTC_1095,Artec.Micro,gic,Fine-grained chert,Tool,Bladelet,Optimal,0%,Complete,4.62,21.86,5,2.200000048,0.5,NA
CTC_1096,Artec.Micro,gic,Fine-grained chert,Tool,Bladelet,Optimal,0%,Complete,47.11,128.15,15,4.699999809,1.600000024,NA
CTC_11,Artec.Spider,rsa',Coarse-grained chert,Core,Other,Other,33-66%,NA,29203.44,5725.89,39,45.79999924,37,Semi-circumferential
CTC_1120,Artec.Micro,gic,Fine-grained chert,Tool,Bladelet,Optimal,0%,Complete,230.16,366.18,21.10000038,11.10000038,2.5,NA
CTC_1127,Artec.Spider,gic,Fine-grained chert,Core-Tool,Flake,Undetermined,0%,Distal,2225.12,1174.82,13,25.89999962,20.39999962,Carinated
CTC_1131,Artec.Micro,gic,Fine-grained chert,Tool,Bladelet,Semi-cortical,33-66%,Complete,56.34,141.12,15.89999962,4.800000191,1.5,NA
CTC_1137,Artec.Spider,gic,Coarse-grained chert,Blank,Flake,Maintenance,0%,Complete,3576.4,2496.29,36.20000076,45.09999847,7.300000191,NA
CTC_1149,Artec.Spider,gic,Fine-grained chert,Blank,Flake,Maintenance,0%,Proximal,2576.28,1403.03,19.60000038,33.5,8.600000381,NA
CTC_1152,Artec.Spider,gic,Fine-grained chert,Tool,Flake,Undetermined,0%,Complete,2524.13,1438.88,30.79999924,23.60000038,9.300000191,NA
CTC_1157,Artec.Spider,ars,Fine-grained chert,Tool,Blade,Maintenance,0%,Distal,3558.51,1875.43,49.09999847,18,11,NA
CTC_1158,Artec.Micro,gic,Fine-grained chert,Tool,Bladelet,Optimal,0%,Complete,49.72,144.78,17.39999962,4.5,1.5,NA
CTC_1159,Artec.Micro,gic,Fine-grained chert,Tool,Bladelet,Optimal,0%,Complete,23.87,77.62,10.30000019,4.599999905,1.399999976,NA
CTC_1161,Artec.Micro,gic,Fine-grained chert,Tool,Bladelet,Optimal,0%,Complete,18.08,66.25,9.800000191,4,1,NA
CTC_1166,Artec.Micro,gic,Fine-grained chert,Tool,Bladelet,Optimal,0%,Complete,9.89,40.55,7.599999905,3.299999952,0.800000012,NA
CTC_1168,Artec.Spider,gic,Fine-grained chert,Tool,Flake,Maintenance,0%,Complete,5658.79,2565.49,41.70000076,27.60000038,13,NA
CTC_12,Artec.Spider,rsa',Coarse-grained chert,Core,Other,Other,1-33%,NA,21731.74,4951.77,39.09999847,46.20000076,25.20000076,Multi-platform
CTC_1287,Artec.Spider,gic,Fine-grained chert,Core,Other,Other,66-99%,NA,128446.61,15070.97,55.79999924,66.40000153,57.5,Initial semi-circumferential
CTC_1288,Artec.Spider,gic,Fine-grained chert,Core,Other,Other,66-99%,NA,25008.38,5497.41,48.40000153,29,41,Initial narrow-sided
CTC_1289,Artec.Spider,gic,Quartzite,Blank,Flake,Initialization,66-99%,Complete,38901,8410.3,75,45.29999924,30,NA
CTC_1290,Artec.Spider,gic,Fine-grained chert,Tool,Flake,Optimal,0%,Complete,4479.58,2272.45,37.29999924,30.60000038,10.69999981,NA
CTC_1292,Artec.Micro,gic,Fine-grained chert,Tool,Bladelet,Optimal,0%,Complete,82.26,181.21,18.60000038,6.099999905,2.099999905,NA
CTC_1293,Artec.Micro,gic,Fine-grained chert,Tool,Bladelet,Optimal,0%,Complete,67.15,146.58,16.29999924,5.199999809,1.700000048,NA
CTC_1294,Artec.Spider,gic,Fine-grained chert,Core,Flake,Initialization,66-99%,NA,24489.12,6270.59,56.29999924,40.40000153,20,Multidirectional
CTC_1295,Artec.Spider,gic,Fine-grained chert,Core,Other,Other,0%,NA,4123.1,1684.6,35.29999924,19.10000038,21.39999962,Narrow-sided
CTC_1296,Artec.Spider,gic,Fine-grained chert,Tool,Blade,Optimal,0%,Distal,3095.04,2023.18,NA,23.70000076,6,NA
CTC_1297,Artec.Spider,gic,Fine-grained chert,Blank,Flake,Initialization,1-33%,Complete,2571.81,1336.5,38.20000076,16.79999924,12.39999962,NA
CTC_1299,Artec.Spider,gic,Fine-grained chert,Tool,Blade,Optimal,0%,Distal,2406.12,1290.72,33.29999924,17.29999924,9.399999619,NA
CTC_13,Artec.Spider,rsa',Fine-grained chert,Core,Other,Other,33-66%,NA,15127.32,3918.01,36.20000076,41.79999924,37.29999924,Initial semi-circumferential
CTC_1304,Artec.Spider,gic,Fine-grained chert,Core-Tool,Flake,Optimal,0%,NA,2877.34,1352.95,14.60000038,21.70000076,17.20000076,Carinated
CTC_1305,Artec.Spider,gic,Fine-grained chert,Tool,Flake,Optimal,0%,Complete,10609.78,3305.53,40.5,40,16.89999962,NA
CTC_1308,Artec.Micro,gic,Fine-grained chert,Tool,Bladelet,Optimal,0%,Complete,23.88,71.75,9.5,4.599999905,1.100000024,NA
CTC_1314,Artec.Spider,gic,Fine-grained chert,Core,Other,Other,0%,NA,15671.08,4156.48,25.10000038,32.40000153,32.59999847,Multidirectional
CTC_1322,Artec.Spider,gic,Fine-grained chert,Blank,Flake,Maintenance,33-66%,Complete,3805.64,1841.69,37.59999847,24.70000076,12.19999981,NA
CTC_1323,Artec.Spider,gic,Fine-grained chert,Blank,Flake,Maintenance,1-33%,Complete,1732.38,1159.05,33,18.10000038,7.099999905,NA
CTC_1328,Artec.Spider,gic,Fine-grained chert,Core,Other,Other,1-33%,NA,15743.11,4297.26,52.70000076,37.5,25.5,Semi-circumferential
CTC_1329,Artec.Spider,gic,Fine-grained chert,Core,Other,Other,0%,NA,4779.1,1874.18,29.89999962,32.09999847,15.19999981,Wide-faced flat
CTC_1330,Artec.Spider,gic,Fine-grained chert,Tool,Blade,Optimal,0%,Complete,1784.42,1401.94,48.29999924,17,5.300000191,NA
CTC_1331,Artec.Spider,ars,Fine-grained chert,Core-Tool,Flake,Optimal,0%,Complete,3317.91,1521.28,34.20000076,19.60000038,10,Initial carinated
CTC_1332,Artec.Spider,ars,Fine-grained chert,Core,Other,Other,1-33%,NA,7946.59,2766.38,38.09999847,33.20000076,30,Semi-circumferential
CTC_1333,Artec.Spider,rsa',Fine-grained chert,Core,Other,Other,1-33%,NA,20186,5132.35,53.2,38.5,20,Wide-faced flat
CTC_1336,Artec.Micro,gic,Fine-grained chert,Tool,Bladelet,Optimal,0%,Complete,71.74,169.85,17.79999924,5.599999905,1.700000048,NA
CTC_1337,Artec.Micro,gic,Fine-grained chert,Tool,Bladelet,Optimal,0%,Complete,87.37,178.42,17.79999924,5.199999809,2.200000048,NA
CTC_1338,Artec.Micro,gic,Fine-grained chert,Tool,Bladelet,Optimal,0%,Complete,26.22,82.54,9.800000191,4.900000095,1.399999976,NA
CTC_1340,Artec.Spider,gic,Fine-grained chert,Core,Other,Other,0%,NA,2853.35,1638.09,21.5,28.89999962,12.39999962,Multidirectional
CTC_1348,Artec.Spider,ars,Fine-grained chert,Core,Other,Other,0%,NA,63088.27,10315.97,59.59999847,47,63.40000153,Initial semi-circumferential
CTC_1349,Artec.Spider,gic,Fine-grained chert,Core,Other,Other,0%,NA,5149.59,1760.02,26.60000038,23.79999924,23.5,Semi-circumferential
CTC_1350,Artec.Spider,rsa',Fine-grained chert,Core,Other,Other,0%,NA,3157.33,1404.02,30.20000076,20.5,13.19999981,Wide-faced flat
CTC_1351,Artec.Spider,gic,Fine-grained chert,Core,Other,Other,0%,NA,5818.26,2149.23,31.29999924,14.80000019,36,Narrow-sided
CTC_1352,Artec.Spider,ars,Fine-grained chert,Core,Other,Other,0%,NA,9138.97,2669,36.59999847,32.70000076,18.10000038,Multi-platform
CTC_1353,Artec.Spider,gic,Fine-grained chert,Core,Other,Other,1-33%,NA,7768.37,2796.68,37.09999847,20.79999924,47,Semi-circumferential
CTC_1354,Artec.Spider,gic,Fine-grained chert,Core-Tool,Other,Other,33-66%,NA,7098.5,2403.17,37.5,23.29999924,34.09999847,Initial carinated
CTC_1355,Artec.Spider,gic,Fine-grained chert,Core,Other,Other,0%,NA,5976.12,2153.42,21.20000076,34,23.5,Semi-circumferential
CTC_1356,Artec.Spider,gic,Fine-grained chert,Core,Other,Other,1-33%,NA,10413.47,3381.06,34.20000076,44.20000076,19.60000038,Multidirectional
CTC_1357,Artec.Spider,gic,Radiolarite,Core,Other,Other,66-99%,NA,10715.5,3159.78,28.79999924,25.70000076,35.70000076,Initial semi-circumferential
CTC_1358,Artec.Spider,gic,Fine-grained chert,Core,Other,Other,33-66%,NA,11451.77,3593.41,37,31.79999924,19,Multidirectional
CTC_1359,Artec.Spider,gic,Fine-grained chert,Core,Other,Other,0%,NA,28326.06,5999.51,49.59999847,35.09999847,35.59999847,Multidirectional
CTC_1360,Artec.Spider,gic,Fine-grained chert,Core,Other,Other,1-33%,NA,28014.31,5982.8,60,43.20000076,26.5,Semi-circumferential
CTC_1361,Artec.Spider,gic,Fine-grained chert,Core,Other,Other,0%,NA,10332.51,2958.68,30.20000076,32.29999924,23.20000076,Multi-platform
CTC_1362,Artec.Spider,gic,Fine-grained chert,Core,Other,Other,1-33%,NA,5467.52,2185.85,35.59999847,26.10000038,16.70000076,Multidirectional
CTC_1363,Artec.Spider,gic,Coarse-grained chert,Core,Other,Other,0%,NA,5909.45,1994.89,29.39999962,27.39999962,17.5,Multi-platform
CTC_1364,Artec.Spider,gic,Fine-grained chert,Core,Other,Other,0%,NA,4432.62,1735.1,24.20000076,17.20000076,32,Multidirectional
CTC_1365,Artec.Spider,gic,Fine-grained chert,Core,Other,Other,1-33%,NA,4461.63,1795.01,28.5,22.5,19.70000076,Multidirectional
CTC_1366,Artec.Spider,gic,Fine-grained chert,Core,Other,Other,33-66%,NA,15125.47,3794.19,29.89999962,42.40000153,29.39999962,Semi-circumferential
CTC_1367,Artec.Spider,gic,Fine-grained chert,Core,Other,Other,66-99%,NA,55068.09,9088.91,67.80000305,31,56.90000153,Initial narrow-sided
CTC_1369,Artec.Spider,gic,Fine-grained chert,Core,Other,Other,1-33%,NA,32098.89,7156.54,65,40,30.5,Undetermined
CTC_1370,Artec.Spider,gic,Coarse-grained chert,Blank,Flake,Semi-cortical,33-66%,Complete,57862.92,11536.88,99,60.40000153,27.29999924,NA
CTC_1371,Artec.Spider,gic,Quartzite,Blank,Flake,Maintenance,33-66%,Complete,17981.8,6132.13,82,46,13.80000019,NA
CTC_1374,Artec.Spider,gic,Fine-grained chert,Core,Other,Other,1-33%,NA,12027.87,3469.67,38.29999924,36.40000153,40.29999924,Semi-circumferential
CTC_14,Artec.Spider,rsa',Fine-grained chert,Core,Other,Other,0%,NA,9229.53,2885.87,30.60000038,34.5,22.10000038,Multi-platform
CTC_142,Artec.Micro,rsa',Fine-grained chert,Tool,Bladelet,Optimal,0%,Complete,166.83,257.28,18.89999962,7.5,3.200000048,NA
CTC_144,Artec.Micro,rsa',Fine-grained chert,Tool,Bladelet,Maintenance,0%,Complete,212.37,385.07,26.20000076,8.300000191,2.400000095,NA
CTC_145,Artec.Micro,rsa',Fine-grained chert,Tool,Bladelet,Optimal,0%,Complete,58.51,154.82,18.20000076,4.300000191,1.5,NA
CTC_146,Artec.Micro,rsa',Coarse-grained chert,Tool,Bladelet,Optimal,0%,Complete,18.6,59.21,9.199999809,3.700000048,1.299999952,NA
CTC_149,Artec.Micro,rsa',Fine-grained chert,Tool,Bladelet,Optimal,0%,Complete,40.82,90.3,10.80000019,4.5,1.5,NA
CTC_1498,Artec.Spider,ars,Quartzite,Blank,Blade,Maintenance,0%,Complete,6375.44,3224.67,62.09999847,30.79999924,11.10000038,NA
CTC_15,Artec.Spider,rsa',Fine-grained chert,Core,Other,Other,33-66%,NA,10784.81,3096.95,31.39999962,33,40.20000076,Semi-circumferential
CTC_1500,Artec.Spider,gic,Fine-grained chert,Blank,Blade,Maintenance,0%,Complete,1382.97,1077.33,35.09999847,15.89999962,6.800000191,NA
CTC_1501,Artec.Spider,gic,Fine-grained chert,Blank,Flake,Maintenance,0%,Complete,10247.45,3570.8,43.70000076,38,16.20000076,NA
CTC_1502,Artec.Spider,rsa',Fine-grained chert,Blank,Flake,Maintenance,0%,Complete,3254.51,1851.26,35.5,8,6.5,NA
CTC_1503,Artec.Spider,gic,Fine-grained chert,Core-Tool,Blade,Maintenance,0%,Complete,2399.14,1514.26,42.70000076,17.29999924,10.69999981,Burin core
CTC_1505,Artec.Spider,gic,Fine-grained chert,Blank,Flake,Maintenance,0%,Complete,1065.31,843.84,23.39999962,20.29999924,4.800000191,NA
CTC_1506,Artec.Spider,gic,Fine-grained chert,Blank,Flake,Maintenance,0%,Complete,1234.84,975.74,23.20000076,22.5,5.5,NA
CTC_1508,Artec.Spider,gic,Fine-grained chert,Core-Tool,Flake,Semi-cortical,1-33%,Distal,2901.81,1256.88,23,22.79999924,11.5,Carinated
CTC_1509,Artec.Spider,gic,Fine-grained chert,Tool,Flake,Optimal,0%,Distal,840.74,590.75,17,13.69999981,8,NA
CTC_1512,Artec.Spider,rsa',Quartzite,Core,Other,Other,33-66%,NA,6126.98,2067.87,30,25.29999924,24,Multidirectional
CTC_1513,Artec.Spider,gic,Fine-grained chert,Core,Other,Other,1-33%,NA,8404.46,3002.84,14.5,39.5,29.70000076,Multidirectional
CTC_1515,Artec.Spider,gic,Fine-grained chert,Core,Other,Other,0%,NA,3863.88,1750.5,35.29999924,17.20000076,17.10000038,Bipolar
CTC_1517,Artec.Spider,rsa',Fine-grained chert,Blank,Flake,Maintenance,0%,Complete,5352.82,2816.65,57.40000153,28.20000076,9.100000381,NA
CTC_154,Artec.Micro,rsa',Fine-grained chert,Tool,Bladelet,Optimal,0%,Complete,118.17,278.99,23.70000076,7.800000191,1.899999976,NA
CTC_16,Artec.Spider,rsa',Fine-grained chert,Core,Other,Other,0%,NA,8063.12,2528.3,21.20000076,31.5,27.70000076,Semi-circumferential
CTC_1660,Artec.Spider,ars,Fine-grained chert,Core,Other,Other,0%,NA,2838.38,1459.52,32,19,15,Bipolar
CTC_17,Artec.Spider,rsa',Fine-grained chert,Core,Other,Other,33-66%,NA,17951.14,4546.39,48.59999847,43.09999847,23.60000038,Multidirectional
CTC_1766,Artec.Spider,rsa',Fine-grained chert,Tool,Flake,Optimal,0%,Distal,4092.07,2278.51,49.70000076,22.5,8.899999619,NA
CTC_18,Artec.Spider,rsa',Coarse-grained chert,Core,Other,Other,33-66%,NA,27746.82,5529.33,50.20000076,39.90000153,34.59999847,Multi-platform
CTC_1845,Artec.Micro,gic,Fine-grained chert,Tool,Bladelet,Maintenance,0%,Complete,44.92,128.79,11.5,7.599999905,1.100000024,NA
CTC_1846,Artec.Micro,gic,Fine-grained chert,Tool,Bladelet,Optimal,0%,Complete,10.54,39.28,7.5,2.5,0.899999976,NA
CTC_1847,Artec.Micro,gic,Fine-grained chert,Tool,Bladelet,Optimal,0%,Complete,18.67,66.49,9.100000381,3.799999952,1,NA
CTC_1848,Artec.Micro,gic,Fine-grained chert,Tool,Bladelet,Optimal,0%,Complete,14.46,48.33,9.199999809,2.5,1.200000048,NA
CTC_1849,Artec.Micro,gic,Fine-grained chert,Tool,Bladelet,Optimal,0%,Complete,38.79,97.82,11.30000019,5,1.700000048,NA
CTC_1851,Artec.Micro,gic,Fine-grained chert,Tool,Bladelet,Optimal,0%,Complete,25.86,76.77,11,3.200000048,1.299999952,NA
CTC_1870,Artec.Micro,gic,Fine-grained chert,Tool,Bladelet,Optimal,0%,Complete,65.54,157.33,14.80000019,6.300000191,1.600000024,NA
CTC_1871,Artec.Micro,gic,Fine-grained chert,Core-Tool,Flake,Optimal,0%,Distal,2880.27,1372.67,16.60000038,26,25.5,Carinated
CTC_1888,Artec.Micro,gic,Fine-grained chert,Tool,Bladelet,Maintenance,0%,Proximal,478.94,578.49,35.29999924,8.899999619,3.099999905,NA
CTC_1889,Artec.Micro,gic,Fine-grained chert,Core,Flake,Semi-cortical,33-66%,NA,11902.92,3787.47,27.89999962,25.60000038,45.90000153,Undetermined
CTC_1899,Artec.Micro,gic,Fine-grained chert,Tool,Bladelet,Optimal,0%,Complete,42.78,114.22,11.80000019,5.699999809,1.700000048,NA
CTC_19,Artec.Spider,rsa',Fine-grained chert,Core,Other,Other,33-66%,NA,16830.02,4291.91,42.90000153,46.09999847,26.70000076,Multi-platform
CTC_193,Artec.Micro,rsa',Fine-grained chert,Tool,Bladelet,Optimal,0%,Complete,102.67,218.9,20.60000038,5.599999905,1.799999952,NA
CTC_194,Artec.Micro,rsa',Coarse-grained chert,Tool,Bladelet,Optimal,0%,Complete,94.91,220.04,22.5,5,1.399999976,NA
CTC_195,Artec.Micro,rsa',Fine-grained chert,Tool,Bladelet,Maintenance,0%,Complete,685.21,779.58,37.5,11.39999962,3.900000095,NA
CTC_1950,Artec.Micro,rsa',Radiolarite,Core-Tool,Other,Other,0%,NA,20888.17,4805.9,32,37.90000153,51.59999847,Multi-platform carinated
CTC_1954,Artec.Micro,rsa',Fine-grained chert,Tool,Bladelet,Optimal,0%,Complete,134.28,287.31,26.79999924,5.599999905,1.700000048,NA
CTC_1961,Artec.Micro,rsa',Fine-grained chert,Tool,Bladelet,Optimal,0%,Complete,43.89,114.75,13.80000019,5.099999905,1.299999952,NA
CTC_1963,Artec.Micro,rsa',Fine-grained chert,Tool,Bladelet,Optimal,0%,Complete,41.3,94.49,10.39999962,4.599999905,1.700000048,NA
CTC_1965,Artec.Micro,rsa',Fine-grained chert,Core,Other,Other,0%,NA,19019.43,4480.21,36.40000153,37.20000076,28.20000076,Multidirectional
CTC_1966,Artec.Micro,rsa',Fine-grained chert,Core,Other,Other,0%,NA,12609.99,3474.1,28.89999962,45.70000076,19.70000076,Wide-faced flat
CTC_1967,Artec.Micro,rsa',Fine-grained chert,Core,Other,Other,1-33%,NA,4383.73,1719.23,29.20000076,25.5,13.80000019,Multi-platform
CTC_2,Artec.Spider,rsa',Fine-grained chert,Core,Other,Other,0%,NA,7739.2,2531.28,42.20000076,25.70000076,15.89999962,Semi-circumferential
CTC_20,Artec.Spider,gic,Fine-grained chert,Core,Other,Other,0%,NA,31984.67,6304.39,59.09999847,53.59999847,26.5,Multi-platform
CTC_21,Artec.Spider,rsa',Fine-grained chert,Core,Other,Other,33-66%,NA,5245.08,1990,25.10000038,33.40000153,15.5,Wide-faced flat
CTC_217,Artec.Micro,rsa',Fine-grained chert,Tool,Bladelet,Optimal,0%,Complete,108.07,259.12,25.20000076,5.599999905,1.600000024,NA
CTC_218,Artec.Micro,rsa',Fine-grained chert,Tool,Bladelet,Optimal,0%,Complete,45.79,141.23,18.70000076,4.400000095,1.399999976,NA
CTC_22,Artec.Spider,rsa',Fine-grained chert,Core,Other,Other,0%,NA,6255.48,2101.46,31.70000076,31.29999924,19.10000038,Multi-platform
CTC_220,Artec.Spider,rsa',Fine-grained chert,Blank,Blade,Optimal,0%,Complete,1148.16,1109.05,43.2,16.60000038,3.900000095,NA
CTC_221,Artec.Spider,rsa',Fine-grained chert,Blank,Blade,Maintenance,0%,Complete,7573.43,3239.3,62.40000153,26.70000076,9.600000381,NA
CTC_222,Artec.Spider,rsa',Fine-grained chert,Tool,Blade,Semi-cortical,33-66%,Complete,4135.77,2518.69,64.19999695,23.60000038,7.099999905,NA
CTC_223,Artec.Spider,rsa',Fine-grained chert,Tool,Blade,Maintenance,0%,Distal,2524.47,1697.41,NA,15.60000038,7.900000095,NA
CTC_23,Artec.Spider,rsa',Fine-grained chert,Core,Other,Other,0%,NA,5370.43,1998.88,32.90000153,22.60000038,20,Semi-circumferential
CTC_230,Artec.Spider,rsa',Fine-grained chert,Tool,Blade,Maintenance,0%,Complete,1796.1,1465.86,58.5,12.10000038,7.400000095,NA
CTC_24,Artec.Spider,rsa',Fine-grained chert,Core,Other,Other,0%,NA,4084.39,1511.52,24,22.70000076,19.20000076,Semi-circumferential
CTC_25,Artec.Spider,rsa',Fine-grained chert,Core,Other,Other,33-66%,NA,14456.08,3912.9,35.59999847,42.40000153,33.79999924,Multidirectional
CTC_26,Artec.Spider,rsa',Fine-grained chert,Core,Other,Other,33-66%,NA,13011.77,3738.64,43.20000076,41.09999847,23.5,Multi-platform
CTC_27,Artec.Spider,rsa',Fine-grained chert,Core,Other,Other,0%,NA,5219.49,2046.89,35.20000076,21.79999924,18,Multidirectional
CTC_28,Artec.Spider,rsa',Fine-grained chert,Core,Other,Other,1-33%,NA,8754.26,2566.89,26.5,18.60000038,28.89999962,Initial semi-circumferential
CTC_29,Artec.Spider,rsa',Quartzite,Core,Other,Other,1-33%,NA,4974.51,1798.71,23.70000076,18.20000076,26.5,Narrow-sided
CTC_290,Artec.Spider,rsa',Fine-grained chert,Blank,Flake,Maintenance,33-66%,Complete,15341.9,4979.15,74,47.29999924,13.30000019,NA
CTC_291,Artec.Spider,rsa',Fine-grained chert,Blank,Flake,Initialization,33-66%,Complete,5772.58,2808.43,47.20000076,29.79999924,11,NA
CTC_292,Artec.Spider,rsa',Fine-grained chert,Blank,Flake,Maintenance,0%,Proximal,2707.15,1515.45,NA,34.79999924,7.400000095,NA
CTC_293,Artec.Spider,rsa',Fine-grained chert,Blank,Blade,Optimal,0%,Complete,1311.03,1204.42,49.90000153,14,6.099999905,NA
CTC_295,Artec.Spider,rsa',Fine-grained chert,Blank,Blade,Optimal,0%,Complete,1693.43,1622.59,52,17.60000038,4.599999905,NA
CTC_296,Artec.Spider,rsa',Fine-grained chert,Blank,Blade,Maintenance,0%,Complete,2089.06,1526.61,41.20000076,17.70000076,6,NA
CTC_3,Artec.Spider,rsa',Fine-grained chert,Core,Other,Other,1-33%,NA,5685.07,2436.86,36.5,32.59999847,11.80000019,Wide-faced flat
CTC_30,Artec.Spider,rsa',Fine-grained chert,Core,Other,Other,66-99%,NA,45568.27,7523.92,38.09999847,57.40000153,47.70000076,Initial semi-circumferential
CTC_31,Artec.Spider,rsa',Fine-grained chert,Core,Other,Other,66-99%,NA,20963.03,4754.74,32.09999847,47.79999924,41.90000153,Initial semi-circumferential
CTC_313,Artec.Spider,rsa',Quartzite,Core,Flake,Semi-cortical,33-66%,NA,149072.62,19531.32,101.5,86.40000153,38,Multidirectional
CTC_32,Artec.Spider,rsa',Fine-grained chert,Core,Other,Other,1-33%,NA,12312.2,3787.96,31.89999962,45.90000153,29.60000038,Wide-faced flat
CTC_321,Artec.Spider,rsa',Fine-grained chert,Tool,Flake,Optimal,0%,Mesial,540.03,527.41,NA,18.79999924,6.099999905,NA
CTC_322,Artec.Spider,rsa',Fine-grained chert,Tool,Flake,Optimal,0%,Undetermined,336.81,302.06,NA,10.39999962,5.599999905,NA
CTC_323,Artec.Spider,rsa',Fine-grained chert,Blank,Bladelet,Maintenance,0%,Distal,442.11,423.36,NA,8,4.699999809,NA
CTC_324,Artec.Spider,rsa',Fine-grained chert,Core,Other,Other,0%,NA,2056.5,1079.2,29.39999962,14.19999981,10.10000038,Bipolar
CTC_325,Artec.Spider,rsa',Fine-grained chert,Blank,Flake,Optimal,0%,Complete,3549.71,1729.98,37.59999847,20,14.39999962,NA
CTC_326,Artec.Spider,rsa',Fine-grained chert,Core,Other,Other,0%,NA,3006.24,1354.29,30.79999924,18.89999962,11.19999981,Bipolar
CTC_327,Artec.Spider,rsa',Fine-grained chert,Core,Other,Other,0%,NA,823.68,597.8,23.20000076,12,7.699999809,Bipolar
CTC_328,Artec.Spider,rsa',Fine-grained chert,Tool,Flake,Optimal,0%,Distal,1162.51,849.11,NA,20.39999962,6.099999905,NA
CTC_329,Artec.Spider,rsa',Fine-grained chert,Core,Flake,Optimal,0%,Complete,1225.04,915.56,26.79999924,21,5.699999809,Bipolar
CTC_33,Artec.Spider,rsa',Fine-grained chert,Core,Other,Other,33-66%,NA,14390.77,4296.51,53.59999847,33.79999924,19.39999962,Initial semi-circumferential
CTC_330,Artec.Spider,rsa',Fine-grained chert,Tool,Flake,Optimal,0%,Complete,650.76,618.33,19.79999924,17.70000076,5.400000095,NA
CTC_331,Artec.Spider,rsa',Fine-grained chert,Core,Flake,Undetermined,0%,Undetermined,472.73,459.8,18.20000076,13.39999962,4.5,Bipolar
CTC_332,Artec.Spider,rsa',Fine-grained chert,Core,Flake,Undetermined,1-33%,Complete,1713.57,1010.66,20.79999924,27.29999924,9.199999809,Bipolar
CTC_333,Artec.Spider,rsa',Fine-grained chert,Core,Other,Other,0%,NA,1673.18,936.43,24.10000038,19.20000076,9.699999809,Bipolar
CTC_334,Artec.Spider,rsa',Fine-grained chert,Core,Other,Other,1-33%,NA,1527.18,919.92,28.5,15.69999981,7.900000095,Bipolar
CTC_335,Artec.Spider,rsa',Fine-grained chert,Core,Other,Other,0%,NA,3082.81,1528.99,35.29999924,21.79999924,9.899999619,Bipolar
CTC_336,Artec.Spider,rsa',Fine-grained chert,Core,Other,Other,0%,NA,2202.06,1050.91,24,16.29999924,12.60000038,Bipolar
CTC_337,Artec.Spider,rsa',Fine-grained chert,Core,Other,Other,0%,NA,2331.35,1181.74,29.70000076,15.19999981,15.10000038,Bipolar
CTC_338,Artec.Spider,rsa',Fine-grained chert,Core,Other,Other,0%,NA,4325.74,1802.68,28.60000038,31.60000038,10.80000019,Bipolar
CTC_339,Artec.Spider,rsa',Fine-grained chert,Core,Other,Other,0%,NA,2757.46,1361.79,27.79999924,25.5,12.19999981,Bipolar
CTC_34,Artec.Spider,rsa',Fine-grained chert,Core,Other,Other,1-33%,NA,23846.12,5427.73,48.59999847,41.09999847,26.20000076,Semi-circumferential
CTC_340,Artec.Spider,rsa',Fine-grained chert,Core,Other,Other,0%,NA,3893.53,1647.3,33.90000153,22.20000076,13,Bipolar
CTC_341,Artec.Spider,rsa',Fine-grained chert,Core,Other,Other,0%,NA,1420.29,779.36,19,19.79999924,9.100000381,Bipolar
CTC_342,Artec.Spider,rsa',Fine-grained chert,Core,Flake,Optimal,0%,Complete,6798.58,2750.33,47.5,31.89999962,14.39999962,Bipolar
CTC_343,Artec.Spider,rsa',Limestone,Core,Other,Other,66-99%,NA,7085.63,2369.43,33.40000153,31.60000038,15.89999962,Bipolar
CTC_344,Artec.Spider,rsa',Fine-grained chert,Core,Other,Other,1-33%,NA,3737.51,1715.36,34.70000076,25.5,10.39999962,Bipolar
CTC_345,Artec.Spider,rsa',Fine-grained chert,Tool,Flake,Maintenance,66-99%,Complete,3319.92,1659.17,32,28.79999924,9.5,NA
CTC_347,Artec.Spider,rsa',Fine-grained chert,Blank,Flake,Optimal,0%,Complete,4199.76,1892.26,43.5,21,16.5,NA
CTC_348,Artec.Spider,rsa',Fine-grained chert,Core,Other,Other,66-99%,NA,908.11,620.69,23.60000038,13.5,6.300000191,Bipolar
CTC_349,Artec.Spider,rsa',Fine-grained chert,Core,Flake,Initialization,66-99%,Complete,1075.6,782.28,23.5,17.29999924,8.100000381,Bipolar
CTC_35,Artec.Spider,rsa',Fine-grained chert,Core,Other,Other,33-66%,NA,5413.78,1895.4,26.20000076,27.60000038,20.39999962,Semi-circumferential
CTC_350,Artec.Spider,rsa',Fine-grained chert,Core,Other,Other,0%,NA,2246.17,1107.6,26.5,19.39999962,14,Bipolar
CTC_351,Artec.Spider,rsa',Fine-grained chert,Tool,Flake,Semi-cortical,1-33%,Complete,4675.44,2252.08,43.90000153,30.60000038,10.80000019,NA
CTC_352,Artec.Spider,rsa',Fine-grained chert,Core,Other,Other,0%,NA,1669.82,1001.29,24.70000076,20.70000076,7.599999905,Bipolar
CTC_353,Artec.Spider,rsa',Fine-grained chert,Core,Other,Other,0%,NA,1150.48,686.1,18,17.39999962,9.399999619,Bipolar
CTC_354,Artec.Spider,rsa',Fine-grained chert,Core,Other,Other,0%,NA,2160.58,1283.95,35.59999847,17.70000076,7,Bipolar
CTC_355,Artec.Spider,rsa',Fine-grained chert,Core,Other,Other,1-33%,NA,3096.02,1376.42,34,13.5,17,Bipolar
CTC_356,Artec.Spider,rsa',Fine-grained chert,Core,Other,Other,0%,NA,2975.92,1492.86,25.29999924,23.20000076,11.10000038,Bipolar
CTC_357,Artec.Spider,rsa',Fine-grained chert,Core,Other,Other,0%,NA,1944.52,1130.37,29.60000038,17.10000038,11.80000019,Bipolar
CTC_358,Artec.Spider,rsa',Fine-grained chert,Core,Other,Other,0%,NA,1409.52,783.51,24.70000076,13.89999962,10.69999981,Bipolar
CTC_359,Artec.Spider,rsa',Fine-grained chert,Core,Flake,Optimal,0%,NA,942.25,826.78,23.39999962,18.29999924,6.300000191,Bipolar
CTC_36,Artec.Spider,rsa',Fine-grained chert,Core,Other,Other,1-33%,NA,8227.4,2661.49,28.5,35.29999924,19.10000038,Semi-circumferential
CTC_360,Artec.Spider,rsa',Quartzite,Core,Other,Other,0%,NA,1187.67,832.85,29,16.70000076,7.699999809,Bipolar
CTC_361,Artec.Spider,rsa',Fine-grained chert,Tool,Flake,Optimal,0%,Complete,1249.71,957.25,16,24,6.199999809,NA
CTC_362,Artec.Spider,rsa',Fine-grained chert,Core,Other,Other,0%,NA,1426.9,886.69,28.89999962,10.30000019,14.89999962,Bipolar
CTC_365,Artec.Spider,rsa',Fine-grained chert,Core,Flake,Optimal,0%,Proximal,436.09,438.67,NA,8.399999619,8.300000191,Bipolar
CTC_366,Artec.Spider,rsa',Fine-grained chert,Core,Other,Other,0%,NA,615.99,441.86,15.30000019,12,8,Bipolar
CTC_367,Artec.Spider,rsa',Fine-grained chert,Blank,Blade,Maintenance,0%,Complete,3058.49,1667.8,41.20000076,19.5,11.5,NA
CTC_368,Artec.Spider,rsa',Fine-grained chert,Blank,Flake,Optimal,0%,Complete,1489.65,963.1,27.60000038,21.29999924,8.399999619,NA
CTC_369,Artec.Spider,rsa',Fine-grained chert,Core,Other,Other,0%,NA,827.8,638.09,24,11.39999962,9,Bipolar
CTC_37,Artec.Spider,rsa',Fine-grained chert,Core,Other,Other,0%,NA,21900.18,5157.52,49.79999924,40.59999847,31.20000076,Semi-circumferential
CTC_370,Artec.Spider,rsa',Fine-grained chert,Tool,Flake,Semi-cortical,1-33%,Complete,6094.63,2560.99,43.20000076,29.60000038,10.60000038,NA
CTC_371,Artec.Spider,rsa',Fine-grained chert,Core,Other,Other,1-33%,NA,12188.34,3391.42,37,35,34,Multidirectional
CTC_372,Artec.Spider,rsa',Fine-grained chert,Core,Other,Other,1-33%,NA,5869.9,2260.15,35.70000076,30.29999924,14.5,Bipolar
CTC_375,Artec.Spider,rsa',Fine-grained chert,Core,Other,Other,33-66%,NA,5433.83,2552.62,41.59999847,29,10.5,Bipolar
CTC_376,Artec.Spider,rsa',Fine-grained chert,Core,Other,Other,0%,NA,6309.06,2196.03,34.59999847,26,17,Multi-platform
CTC_377,Artec.Spider,rsa',Coarse-grained chert,Core,Flake,Semi-cortical,33-66%,NA,8552.39,3019.39,24,51.29999924,19.20000076,Multidirectional
CTC_378,Artec.Spider,rsa',Fine-grained chert,Core,Other,Other,1-33%,NA,15896.45,3977.22,42.40000153,40.59999847,20.89999962,Semi-circumferential
CTC_379,Artec.Spider,rsa',Coarse-grained chert,Core,Flake,Semi-cortical,1-33%,NA,8942.08,2901.89,41.59999847,29,19.5,Multidirectional
CTC_38,Artec.Spider,rsa',Fine-grained chert,Core,Other,Other,1-33%,NA,16382.51,3992.1,30.10000038,43.90000153,31.20000076,Wide-faced flat
CTC_39,Artec.Spider,rsa',Fine-grained chert,Core,Other,Other,1-33%,NA,7424.88,2365.13,28.79999924,35.70000076,17.39999962,Semi-circumferential
CTC_4,Artec.Spider,rsa',Fine-grained chert,Core,Other,Other,0%,NA,8674.84,2441.29,31.70000076,27.79999924,18.5,Semi-circumferential
CTC_40,Artec.Spider,rsa',Quartzite,Blank,Flake,Maintenance,0%,Complete,13722.15,4598.81,53.40000153,41,11.39999962,NA
CTC_41,Artec.Spider,rsa',Fine-grained chert,Blank,Flake,Maintenance,0%,Complete,9801.63,3339.06,30.89999962,45.70000076,18.89999962,NA
CTC_42,Artec.Spider,rsa',Fine-grained chert,Core,Other,Other,0%,NA,5152.38,2245.85,37.29999924,30.89999962,18.89999962,Semi-circumferential
CTC_43,Artec.Spider,gic,Fine-grained chert,Tool,Flake,Maintenance,0%,Complete,5843.29,2297.17,22.60000038,43.09999847,12.30000019,NA
CTC_44,Artec.Spider,gic,Fine-grained chert,Tool,Blade,Initialization,66-99%,Complete,4529.38,2391.85,50.20000076,23.5,9.5,NA
CTC_45,Artec.Spider,gic,Fine-grained chert,Tool,Flake,Maintenance,0%,Complete,2378.17,1446.29,35.5,19,8.899999619,NA
CTC_46,Artec.Spider,gic,Fine-grained chert,Tool,Blade,Optimal,0%,Proximal,1263.11,1190.27,34.09999847,20.20000076,5.199999809,NA
CTC_48,Artec.Spider,rsa',Coarse-grained chert,Core-Tool,Flake,Semi-cortical,33-66%,NA,14911.86,3900.76,34.90000153,37,21,Carinated
CTC_49,Artec.Spider,rsa',Fine-grained chert,Core-Tool,Flake,Semi-cortical,1-33%,Complete,7448.24,2432.35,20.10000038,26.70000076,17.79999924,Carinated
CTC_5,Artec.Spider,rsa',Fine-grained chert,Core,Other,Other,1-33%,NA,18245.88,4387.41,47.09999847,22.39999962,48.09999847,Narrow-sided
CTC_50,Artec.Spider,gic,Fine-grained chert,Core-Tool,Flake,Maintenance,0%,Complete,8403.6,2629.01,18.39999962,32.29999924,36.59999847,Carinated
CTC_51,Artec.Spider,gic,Fine-grained chert,Core-Tool,Flake,Optimal,0%,Complete,5706.39,2166.43,38.20000076,29.5,14.5,Carinated
CTC_52,Artec.Spider,gic,Fine-grained chert,Tool,Flake,Optimal,0%,Complete,1484.35,966.75,25.79999924,19.20000076,9,NA
CTC_53,Artec.Spider,gic,Coarse-grained chert,Tool,Flake,Maintenance,0%,Complete,9285.22,3232.63,45.79999924,33,18,NA
CTC_54,Artec.Spider,gic,Fine-grained chert,Tool,Flake,Optimal,0%,Distal,3460.93,1935.14,36.59999847,28.29999924,8.5,NA
CTC_55,Artec.Spider,gic,Quartzite,Tool,Flake,Optimal,0%,Complete,3153.69,1743.92,41.40000153,21,7.599999905,NA
CTC_56,Artec.Spider,gic,Fine-grained chert,Tool,Flake,Optimal,0%,Distal,2902.07,1629.23,33.09999847,25.20000076,8.199999809,NA
CTC_57,Artec.Spider,rsa',Fine-grained chert,Tool,Blade,Optimal,0%,Distal,962.74,1016.15,30.39999962,17.39999962,4.199999809,NA
CTC_58,Artec.Spider,rsa',Fine-grained chert,Tool,Blade,Maintenance,1-33%,Distal,3998.59,2471.28,47.29999924,24.29999924,5.900000095,NA
CTC_59,Artec.Spider,rsa',Fine-grained chert,Core-Tool,Flake,Optimal,0%,Complete,6535.8,2124.25,30.20000076,35,18.70000076,Carinated
CTC_6,Artec.Spider,rsa',Fine-grained chert,Core,Other,Other,0%,NA,5449.3,2048.64,37.90000153,28.39999962,20.60000038,Semi-circumferential
CTC_60,Artec.Spider,rsa',Fine-grained chert,Core,Undetermined,Other,0%,NA,4788.02,1792.69,21.39999962,31.29999924,16.39999962,Semi-circumferential
CTC_61,Artec.Spider,rsa',Fine-grained chert,Core-Tool,Flake,Maintenance,0%,Undetermined,14613.78,4113.53,38.40000153,45.59999847,21.20000076,Carinated
CTC_62,Artec.Spider,rsa',Fine-grained chert,Core-Tool,Flake,Maintenance,0%,Complete,6839.12,2640,49.59999847,24.89999962,17.79999924,Carinated
CTC_63,Artec.Spider,rsa',Fine-grained chert,Core-Tool,Blade,Initialization,66-99%,Complete,10356.28,3639.48,60.90000153,26.10000038,12.60000038,Carinated
CTC_630,Artec.Spider,rsa',Fine-grained chert,Blank,Blade,Optimal,0%,Complete,2312.96,1977.46,60.90000153,18,4.699999809,NA
CTC_631,Artec.Spider,rsa',Fine-grained chert,Blank,Blade,Maintenance,1-33%,Complete,2604.92,1872.68,65,16.29999924,7.599999905,NA
CTC_632,Artec.Spider,rsa',Fine-grained chert,Blank,Blade,Optimal,0%,Complete,2383.08,1881.93,56,22.39999962,5.800000191,NA
CTC_633,Artec.Spider,rsa',Quartzite,Blank,Blade,Optimal,0%,Complete,2202.1,1547.23,50.79999924,17.29999924,7.5,NA
CTC_634,Artec.Spider,rsa',Fine-grained chert,Blank,Blade,Optimal,0%,Complete,3267.39,2124.08,57.5,20.20000076,8.399999619,NA
CTC_635,Artec.Spider,rsa',Fine-grained chert,Blank,Blade,Maintenance,1-33%,Complete,1633.33,1442.68,49.20000076,14.69999981,6,NA
CTC_636,Artec.Spider,rsa',Fine-grained chert,Blank,Blade,Maintenance,0%,Complete,928.86,1241.16,39.59999847,18,3.599999905,NA
CTC_637,Artec.Spider,rsa',Fine-grained chert,Blank,Blade,Maintenance,0%,Complete,895.38,1048.79,43.5,18.39999962,3.799999952,NA
CTC_638,Artec.Spider,rsa',Fine-grained chert,Blank,Blade,Optimal,0%,Complete,1001.04,1040.67,44.09999847,12.30000019,4.300000191,NA
CTC_639,Artec.Spider,rsa',Fine-grained chert,Blank,Blade,Optimal,0%,Complete,1069.57,1127.97,46,12.60000038,4.5,NA
CTC_64,Artec.Spider,rsa',Fine-grained chert,Tool,Blade,Maintenance,0%,Mesial,6319.98,2933.62,55.40000153,23.20000076,8.399999619,NA
CTC_640,Artec.Spider,rsa',Fine-grained chert,Blank,Blade,Maintenance,0%,Complete,1846.01,1319.15,43,16.5,7.300000191,NA
CTC_641,Artec.Spider,rsa',Fine-grained chert,Blank,Blade,Optimal,0%,Complete,1228.34,1337.33,43.40000153,18.29999924,3.400000095,NA
CTC_642,Artec.Spider,rsa',Fine-grained chert,Blank,Blade,Maintenance,0%,Complete,3104.88,2118.31,49.40000153,22.5,7.199999809,NA
CTC_643,Artec.Spider,rsa',Fine-grained chert,Blank,Blade,Maintenance,0%,Complete,714.54,845.34,32.20000076,13.39999962,4,NA
CTC_644,Artec.Spider,rsa',Fine-grained chert,Blank,Blade,Maintenance,1-33%,Complete,3251.45,1885.55,51.79999924,17.29999924,10.39999962,NA
CTC_645,Artec.Spider,rsa',Fine-grained chert,Blank,Blade,Initialization,100%,Complete,4466.11,2204.04,51.09999847,23.10000038,9.199999809,NA
CTC_646,Artec.Spider,rsa',Fine-grained chert,Blank,Blade,Initialization,66-99%,Complete,1995.37,1564.9,45.40000153,18.60000038,7.400000095,NA
CTC_647,Artec.Spider,gic,Fine-grained chert,Blank,Blade,Maintenance,33-66%,Complete,2197.68,1552.66,45.40000153,18.89999962,5.300000191,NA
CTC_648,Artec.Spider,rsa',Fine-grained chert,Blank,Blade,Maintenance,0%,Complete,1775.29,1214.65,42,13.69999981,7.599999905,NA
CTC_649,Artec.Spider,rsa',Fine-grained chert,Blank,Blade,Initialization,33-66%,Complete,3530.36,2065.27,50,22.39999962,7.800000191,NA
CTC_65,Artec.Spider,rsa',Fine-grained chert,Tool,Blade,Optimal,0%,Complete,2002.76,1913.72,57.70000076,19.39999962,4.599999905,NA
CTC_650,Artec.Spider,rsa',Fine-grained chert,Blank,Flake,Maintenance,1-33%,Complete,1141.57,997.42,36.09999847,19,6.599999905,NA
CTC_654,Artec.Spider,rsa',Fine-grained chert,Blank,Flake,Maintenance,33-66%,Complete,12902.64,4165.23,63.20000076,33,20,NA
CTC_655,Artec.Spider,rsa',Fine-grained chert,Blank,Flake,Initialization,66-99%,Complete,11951.56,3960.93,58.29999924,38,13.60000038,NA
CTC_656,Artec.Spider,rsa',Fine-grained chert,Blank,Flake,Semi-cortical,33-66%,Complete,25483.08,7065.48,50.40000153,74.30000305,17.70000076,NA
CTC_657,Artec.Spider,rsa',Fine-grained chert,Blank,Flake,Maintenance,0%,Complete,4846.48,2239.72,52.40000153,28.5,10.19999981,NA
CTC_658,Artec.Spider,rsa',Coarse-grained chert,Blank,Flake,Maintenance,0%,Complete,9671.15,3686.26,36.40000153,46.5,11.30000019,NA
CTC_659,Artec.Spider,rsa',Fine-grained chert,Blank,Flake,Maintenance,0%,Complete,2421.33,1605.54,36,19.20000076,8.399999619,NA
CTC_660,Artec.Spider,rsa',Fine-grained chert,Blank,Flake,Maintenance,0%,Complete,1593.57,1276.99,39.5,20.20000076,6.199999809,NA
CTC_662,Artec.Spider,rsa',Fine-grained chert,Blank,Flake,Maintenance,0%,Complete,1128.49,1103.81,36.59999847,18.20000076,3.599999905,NA
CTC_664,Artec.Spider,rsa',Fine-grained chert,Core,Flake,Initialization,66-99%,Complete,1545.92,1117.78,28.79999924,21,8.399999619,Bipolar
CTC_666,Artec.Spider,rsa',Fine-grained chert,Blank,Flake,Maintenance,1-33%,Complete,1039.22,960.58,31.79999924,18.39999962,5.900000095,NA
CTC_668,Artec.Spider,rsa',Fine-grained chert,Blank,Flake,Maintenance,0%,Complete,1301.04,1023.8,28.79999924,17.10000038,7.5,NA
CTC_670,Artec.Spider,rsa',Fine-grained chert,Blank,Flake,Maintenance,0%,Complete,952.77,1109.97,37.20000076,20.29999924,4.800000191,NA
CTC_672,Artec.Spider,rsa',Fine-grained chert,Blank,Flake,Maintenance,0%,Complete,862.63,834.87,29,17,5.199999809,NA
CTC_678,Artec.Spider,rsa',Fine-grained chert,Blank,Blade,Maintenance,1-33%,Distal,1237.13,904.73,NA,13.5,6.900000095,NA
CTC_679,Artec.Spider,rsa',Fine-grained chert,Blank,Flake,Maintenance,0%,Distal,1294.83,1008.88,32,14.30000019,6.900000095,NA
CTC_681,Artec.Spider,rsa',Fine-grained chert,Core,Other,Other,0%,NA,1300.22,833.7,27.5,11.89999962,11.60000038,Bipolar
CTC_682,Artec.Spider,rsa',Quartzite,Blank,Flake,Maintenance,0%,Complete,12982.65,4477.52,67.30000305,36.29999924,14.89999962,NA
CTC_683,Artec.Spider,rsa',Fine-grained chert,Core-Tool,Flake,Semi-cortical,1-33%,NA,6782.9,2712.03,43.09999847,17.89999962,27.79999924,Burin core
CTC_684,Artec.Spider,rsa',Fine-grained chert,Core,Blade,Initialization,66-99%,Complete,48320.9,10684.51,110,34.40000153,33.29999924,Initial narrow-sided
CTC_685,Artec.Spider,rsa',Fine-grained chert,Blank,Flake,Semi-cortical,33-66%,Complete,35175.73,8299.42,71.59999847,55.40000153,14.80000019,NA
CTC_686,Artec.Spider,rsa',Fine-grained chert,Blank,Flake,Maintenance,1-33%,Complete,4409.61,2332.26,37.90000153,32.59999847,10.10000038,NA
CTC_687,Artec.Spider,rsa',Fine-grained chert,Core,Flake,Optimal,0%,Complete,3517.28,1633.06,36.79999924,13.30000019,17.60000038,Bipolar
CTC_689,Artec.Spider,rsa',Fine-grained chert,Core,Flake,Semi-cortical,33-66%,NA,4427.51,1957.88,38.90000153,17.70000076,27.29999924,Initial narrow-sided
CTC_69,Artec.Spider,rsa',Fine-grained chert,Tool,Flake,Semi-cortical,33-66%,Complete,7396.88,3023.32,42,45.40000153,12.39999962,NA
CTC_690,Artec.Spider,rsa',Fine-grained chert,Core,Flake,Semi-cortical,33-66%,NA,2543.36,1367.5,36.5,9.699999809,15,Bipolar
CTC_691,Artec.Spider,rsa',Fine-grained chert,Blank,Flake,Optimal,0%,Complete,3528.04,2779.75,58.90000153,33.09999847,5,NA
CTC_694,Artec.Spider,rsa',Fine-grained chert,Core,Flake,Optimal,0%,Complete,4607.65,1858.91,32.40000153,30,14.10000038,Bipolar
CTC_695,Artec.Spider,rsa',Fine-grained chert,Core,Other,Other,0%,NA,3731.33,1744.12,36.79999924,22,9.699999809,Bipolar
CTC_696,Artec.Spider,rsa',Fine-grained chert,Core,Flake,Optimal,0%,NA,2607.59,1213.19,27.79999924,24.79999924,11,Bipolar
CTC_697,Artec.Spider,rsa',Fine-grained chert,Core,Flake,Undetermined,0%,NA,1327.15,904.44,20.60000038,24.10000038,8.800000191,Bipolar
CTC_698,Artec.Spider,rsa',Fine-grained chert,Core,Other,Other,0%,NA,3456.16,1588.4,35.09999847,24.29999924,10.30000019,Wide-faced flat
CTC_699,Artec.Spider,gic,Fine-grained chert,Core,Other,Other,0%,NA,3738.09,1565.13,24.39999962,28.39999962,13,Bipolar
CTC_7,Artec.Spider,rsa',Fine-grained chert,Core,Other,Other,1-33%,NA,5154.46,1856.56,29.79999924,26.70000076,16,Semi-circumferential
CTC_700,Artec.Spider,rsa',Fine-grained chert,Core,Other,Other,0%,NA,11420.69,3291.23,34.20000076,37,15.80000019,Tested raw material
CTC_701,Artec.Spider,rsa',Fine-grained chert,Blank,Flake,Initialization,100%,Complete,22498.98,6851.38,65.5,49,15.69999981,NA
CTC_702,Artec.Spider,rsa',Fine-grained chert,Blank,Flake,Maintenance,0%,Complete,3489.81,2201.78,42.70000076,33.29999924,11.69999981,NA
CTC_703,Artec.Spider,rsa',Fine-grained chert,Blank,Flake,Maintenance,0%,Complete,3438.72,1994.55,34.79999924,33.29999924,7.199999809,NA
CTC_704,Artec.Spider,rsa',Fine-grained chert,Blank,Flake,Maintenance,0%,Complete,2304.18,1345.6,27,30.29999924,9.100000381,NA
CTC_710,Artec.Spider,rsa',Fine-grained chert,Blank,Flake,Maintenance,0%,Complete,3325.98,1805.77,43,29.20000076,12.69999981,NA
CTC_714,Artec.Spider,gic,Undetermined,Hammerstone,Other,Other,1,Complete,26864.88,5184.1,58,32,19.9,NA
CTC_715,Artec.Spider,rsa',Quartzite,Blank,Blade,Initialization,0%,Distal,4617.12,2258.11,53.29999924,18.29999924,15.69999981,NA
CTC_718,Artec.Spider,rsa',Fine-grained chert,Tool,Undetermined,Optimal,0%,Distal,604.46,610.43,21.79999924,14.89999962,3.700000048,NA
CTC_72,Artec.Spider,rsa',Fine-grained chert,Tool,Flake,Optimal,0%,Complete,3020.7,1928.75,36.09999847,37,8.199999809,NA
CTC_720,Artec.Spider,rsa',Fine-grained chert,Core,Other,Other,1-33%,NA,3500.99,1386.62,23.10000038,19.29999924,25,Semi-circumferential
CTC_722,Artec.Spider,rsa',Fine-grained chert,Blank,Blade,Initialization,0%,Complete,12789.92,4587.09,65.5,31.60000038,16.20000076,NA
CTC_725,Artec.Spider,rsa',Fine-grained chert,Blank,Flake,Maintenance,0%,Complete,617.62,935.93,29.79999924,23.60000038,3.299999952,NA
CTC_726,Artec.Spider,rsa',Fine-grained chert,Blank,Flake,Maintenance,0%,Complete,1440.89,1123.43,30.20000076,22,7.5,NA
CTC_732,Artec.Spider,rsa',Fine-grained chert,Blank,Flake,Maintenance,0%,Complete,416.01,492.66,23,14.19999981,3.599999905,NA
CTC_735,Artec.Spider,ars,Fine-grained chert,Tool,Flake,Undetermined,0%,Mesial,1915.93,1203.33,26.60000038,23.70000076,8,NA
CTC_736,Artec.Spider,rsa',Fine-grained chert,Tool,Blade,Semi-cortical,33-66%,Distal,1044.67,828.23,32.29999924,12.19999981,9,NA
CTC_742,Artec.Spider,gic,Fine-grained chert,Blank,Flake,Maintenance,0%,Complete,1140.22,1063.18,32.09999847,21,4.699999809,NA
CTC_744,Artec.Spider,gic,Fine-grained chert,Blank,Bladelet,Maintenance,0%,Complete,630.84,634.73,32.70000076,9.5,5.400000095,NA
CTC_745,Artec.Spider,gic,Fine-grained chert,Blank,Blade,Maintenance,0%,Mesial,2850.14,2052.69,54.79999924,20,7.300000191,NA
CTC_751,Artec.Spider,gic,Fine-grained chert,Blank,Flake,Semi-cortical,33-66%,Complete,46551.85,9488.25,73.59999847,58.70000076,29.60000038,NA
CTC_754,Artec.Spider,gic,Fine-grained chert,Blank,Bladelet,Maintenance,0%,Complete,417.38,487.48,26.20000076,9.5,6.099999905,NA
CTC_755,Artec.Spider,gic,Fine-grained chert,Tool,Blade,Optimal,0%,Mesial,2271.24,1522.77,NA,25.29999924,6.900000095,NA
CTC_759,Artec.Spider,gic,Fine-grained chert,Tool,Blade,Optimal,0%,Complete,2556.73,1834.29,55.40000153,18,6.5,NA
CTC_760,Artec.Micro,rsa',Fine-grained chert,Tool,Bladelet,Optimal,0%,Complete,102.53,207.84,16.10000038,7.5,2.200000048,NA
CTC_761,Artec.Spider,gic,Fine-grained chert,Tool,Blade,Optimal,0%,Complete,4803.03,2651.67,57,24,8.5,NA
CTC_763,Artec.Micro,ars,Fine-grained chert,Tool,Bladelet,Maintenance,1-33%,Distal,341.22,424.31,NA,11.5,4.300000191,NA
CTC_764,Artec.Micro,ars,Fine-grained chert,Tool,Bladelet,Optimal,0%,Complete,30.98,119.81,18.89999962,4,1,NA
CTC_765,Artec.Spider,gic,Fine-grained chert,Core,Other,Other,0%,NA,7763.32,3049.82,41.29999924,32.20000076,15.60000038,Bipolar
CTC_766,Artec.Spider,gic,Fine-grained chert,Core,Flake,Optimal,0%,NA,2561.76,1349.19,27,22.5,10.5,Bipolar
CTC_767,Artec.Spider,gic,Fine-grained chert,Core,Other,Other,1-33%,NA,1335.87,900.37,29.39999962,11.89999962,9.5,Bipolar
CTC_768,Artec.Spider,gic,Fine-grained chert,Core,Other,Other,0%,NA,2689.93,1287.52,29.60000038,23.29999924,11,Bipolar
CTC_769,Artec.Spider,gic,Limestone,Core,Other,Other,0%,NA,1221.6,809.35,30.60000038,11.60000038,7.199999809,Bipolar
CTC_77,Artec.Spider,rsa',Fine-grained chert,Tool,Flake,Maintenance,0%,Complete,2057.48,1302.73,32,20.29999924,8,NA
CTC_770,Artec.Spider,gic,Fine-grained chert,Core,Other,Other,0%,NA,1546.72,916.56,30.5,13.5,10.60000038,Bipolar
CTC_771,Artec.Spider,gic,Fine-grained chert,Core,Other,Other,0%,NA,2839.32,1275.56,26.5,17.10000038,16.39999962,Bipolar
CTC_772,Artec.Spider,gic,Fine-grained chert,Blank,Flake,Optimal,0%,Complete,1633.6,959.33,26.20000076,14.69999981,11.10000038,NA
CTC_773,Artec.Spider,gic,Fine-grained chert,Tool,Flake,Semi-cortical,1-33%,Complete,1216.39,815.99,23.70000076,18.5,6.699999809,NA
CTC_774,Artec.Spider,gic,Fine-grained chert,Core,Flake,Optimal,0%,Complete,1080.26,732.24,21.39999962,19.79999924,8.399999619,Bipolar
CTC_775,Artec.Spider,gic,Fine-grained chert,Core,Flake,Optimal,0%,NA,1596.95,979.48,22.5,19.29999924,9.800000191,Bipolar
CTC_776,Artec.Spider,rsa',Fine-grained chert,Core,Other,Other,0%,NA,1389.38,954.87,29.39999962,16,8.300000191,Bipolar
CTC_779,Artec.Spider,gic,Fine-grained chert,Core,Other,Other,1-33%,NA,10334.44,3108.95,35.40000153,36.5,15.30000019,Bipolar
CTC_78,Artec.Spider,rsa',Fine-grained chert,Core,Flake,Maintenance,0%,Complete,2099.5,1115.01,25.39999962,21.10000038,11.39999962,Bipolar
CTC_780,Artec.Spider,gic,Fine-grained chert,Core,Other,Other,0%,NA,5081.02,2241.83,48,17,23,Bipolar
CTC_782,Artec.Spider,ars,Fine-grained chert,Tool,Flake,Optimal,0%,Distal,1727.01,1216.07,36.20000076,20.39999962,9.100000381,NA
CTC_784,Artec.Spider,ars,Limestone,Core-Tool,Flake,Undetermined,0%,Undetermined,1424.42,1006.89,37.40000153,7.099999905,12.19999981,Burin core
CTC_785,Artec.Spider,gic,Quartzite,Core,Other,Other,0%,NA,12383.21,3976.27,38.29999924,49.5,18.5,Multidirectional
CTC_788,Artec.Spider,gic,Fine-grained chert,Core,Flake,Initialization,33-66%,NA,23261.54,5563.46,54.20000076,45.79999924,19.79999924,Multidirectional
CTC_789,Artec.Spider,gic,Fine-grained chert,Blank,Flake,Maintenance,0%,Proximal,2985.84,1440.92,18.29999924,31.79999924,9.300000191,NA
CTC_79,Artec.Spider,rsa',Fine-grained chert,Core,Other,Other,1-33%,NA,1133.75,696.33,23,13.80000019,8.600000381,Bipolar
CTC_790,Artec.Spider,rsa',Fine-grained chert,Blank,Flake,Maintenance,0%,Distal,1263.11,868.36,30.5,12,10.89999962,NA
CTC_791,Artec.Spider,gic,Radiolarite,Tool,Blade,Optimal,0%,Distal,2747.84,1591.66,30.79999924,22.70000076,8.399999619,NA
CTC_792,Artec.Spider,gic,Fine-grained chert,Tool,Blade,Optimal,0%,Complete,1828.83,1141.24,35.70000076,15.10000038,7.900000095,NA
CTC_793,Artec.Spider,gic,Fine-grained chert,Tool,Flake,Optimal,0%,Distal,3612.97,1717.13,NA,24.10000038,13,NA
CTC_794,Artec.Spider,gic,Fine-grained chert,Tool,Flake,Optimal,0%,Complete,2972.14,1453.79,25.70000076,23.5,11.89999962,NA
CTC_795,Artec.Spider,gic,Fine-grained chert,Tool,Flake,Initialization,66-99%,Complete,3044.37,1410.62,28,26.39999962,11.80000019,NA
CTC_796,Artec.Spider,gic,Fine-grained chert,Core-Tool,Flake,Maintenance,0%,Complete,3381,1652.19,29.60000038,27.10000038,9.899999619,Carinated
CTC_797,Artec.Spider,gic,Fine-grained chert,Tool,Blade,Maintenance,33-66%,Distal,3784.1,1839.37,38.70000076,22,11.39999962,NA
CTC_798,Artec.Spider,gic,Fine-grained chert,Tool,Flake,Semi-cortical,1-33%,Complete,6036.86,2205.09,33.70000076,24.60000038,14.19999981,NA
CTC_799,Artec.Spider,gic,Fine-grained chert,Core-Tool,Flake,Optimal,0%,Complete,1793.05,973.65,21.10000038,22.39999962,8.699999809,Carinated
CTC_8,Artec.Spider,rsa',Fine-grained chert,Core,Other,Other,0%,NA,3143.5,1433.66,17.5,25.79999924,20,Semi-circumferential
CTC_800,Artec.Spider,gic,Fine-grained chert,Core-Tool,Flake,Semi-cortical,33-66%,Complete,10267.41,3330.31,41.5,40.09999847,19.20000076,Carinated
CTC_801,Artec.Spider,gic,Fine-grained chert,Core-Tool,Flake,Maintenance,0%,Complete,7966.67,2624.11,19.5,29,19.5,Carinated
CTC_802,Artec.Spider,gic,Fine-grained chert,Core-Tool,Flake,Initialization,66-99%,Distal,12802.42,3631.72,44.09999847,37.5,20.60000038,Initial carinated
CTC_803,Artec.Spider,gic,Fine-grained chert,Core-Tool,Flake,Semi-cortical,1-33%,Complete,7159.61,2523.39,36.5,34.90000153,14.5,Carinated
CTC_804,Artec.Spider,gic,Fine-grained chert,Core-Tool,Flake,Semi-cortical,1-33%,Proximal,2608.83,1171.12,17.29999924,29,14.60000038,Carinated
CTC_805,Artec.Micro,gic,Fine-grained chert,Tool,Bladelet,Optimal,0%,Complete,11.43,40.79,7.400000095,2.599999905,0.899999976,NA
CTC_806,Artec.Micro,gic,Fine-grained chert,Tool,Bladelet,Optimal,0%,Complete,80.3,164.7,16.79999924,5.099999905,2,NA
CTC_808,Artec.Micro,gic,Fine-grained chert,Tool,Bladelet,Optimal,0%,Complete,116.23,226.8,18.60000038,6.099999905,1.899999976,NA
CTC_809,Artec.Micro,gic,Fine-grained chert,Tool,Bladelet,Optimal,0%,Complete,37.84,103.84,15,4.099999905,1.399999976,NA
CTC_81,Artec.Spider,rsa',Fine-grained chert,Tool,Flake,Maintenance,1-33%,Complete,15094.65,4738.77,40.59999847,58,23.29999924,NA
CTC_810,Artec.Micro,gic,Fine-grained chert,Tool,Bladelet,Optimal,0%,Complete,21.93,68.73,8.100000381,5.699999809,1.5,NA
CTC_813,Artec.Micro,gic,Fine-grained chert,Tool,Bladelet,Optimal,0%,Complete,14.21,49.47,7.300000191,4,1.299999952,NA
CTC_814,Artec.Micro,gic,Fine-grained chert,Tool,Bladelet,Optimal,0%,Complete,77.87,169.44,17.39999962,5.099999905,1.700000048,NA
CTC_815,Artec.Micro,gic,Fine-grained chert,Tool,Bladelet,Optimal,0%,Complete,37.76,107.74,13,5.300000191,1.399999976,NA
CTC_817,Artec.Micro,ars,Fine-grained chert,Tool,Bladelet,Optimal,0%,Complete,20.92,71.08,11.10000038,4.199999809,1.100000024,NA
CTC_818,Artec.Micro,gic,Fine-grained chert,Tool,Bladelet,Optimal,0%,Complete,50.75,123.3,12.10000038,5.699999809,1.799999952,NA
CTC_82,Artec.Spider,rsa',Fine-grained chert,Tool,Flake,Optimal,0%,Complete,2786.04,1721.77,35.5,26.79999924,6.900000095,NA
CTC_822,Artec.Micro,gic,Fine-grained chert,Tool,Bladelet,Optimal,0%,Complete,25.25,70.3,8,4.599999905,1.600000024,NA
CTC_824,Artec.Micro,gic,Radiolarite,Tool,Bladelet,Optimal,0%,Complete,97.98,205.24,17.79999924,6.400000095,2.400000095,NA
CTC_827,Artec.Micro,gic,Fine-grained chert,Tool,Bladelet,Optimal,0%,Complete,26.83,73.42,9.300000191,3.900000095,1.700000048,NA
CTC_829,Artec.Micro,gic,Fine-grained chert,Tool,Bladelet,Optimal,0%,Complete,28.52,80.43,9.699999809,4.800000191,1.399999976,NA
CTC_83,Artec.Spider,rsa',Fine-grained chert,Tool,Blade,Maintenance,1-33%,Proximal,1061.18,888.78,28.20000076,16.39999962,5.900000095,NA
CTC_830,Artec.Micro,gic,Fine-grained chert,Tool,Bladelet,Optimal,0%,Complete,35.8,85.1,11.30000019,3.599999905,2.200000048,NA
CTC_832,Artec.Micro,gic,Fine-grained chert,Tool,Bladelet,Optimal,0%,Complete,18.69,57.23,7.800000191,4.599999905,1.299999952,NA
CTC_835,Artec.Micro,gic,Fine-grained chert,Tool,Bladelet,Optimal,0%,Complete,13.73,51.96,7.400000095,3.799999952,0.800000012,NA
CTC_836,Artec.Micro,gic,Fine-grained chert,Tool,Bladelet,Optimal,0%,Complete,15.28,59.75,9.600000381,3.700000048,1,NA
CTC_839,Artec.Micro,gic,Fine-grained chert,Tool,Bladelet,Optimal,0%,Complete,25.57,74.29,9.899999619,4.699999809,1.600000024,NA
CTC_84,Artec.Spider,rsa',Fine-grained chert,Blank,Blade,Maintenance,0%,Distal,894.98,1199.95,25.20000076,20.20000076,3.200000048,NA
CTC_840,Artec.Micro,gic,Fine-grained chert,Tool,Bladelet,Optimal,0%,Complete,28.22,77.19,11.69999981,3.400000095,1.200000048,NA
CTC_841,Artec.Micro,gic,Fine-grained chert,Tool,Bladelet,Optimal,0%,Complete,17.76,56.58,9.399999619,3.400000095,1,NA
CTC_842,Artec.Micro,ars,Fine-grained chert,Tool,Bladelet,Optimal,0%,Complete,17.94,54.77,9.300000191,4.099999905,1.200000048,NA
CTC_843,Artec.Micro,ars,Fine-grained chert,Tool,Bladelet,Optimal,0%,Complete,40.22,106.37,13.30000019,4.699999809,1.5,NA
CTC_844,Artec.Micro,gic,Fine-grained chert,Tool,Bladelet,Optimal,0%,Complete,158.4,274.77,27.29999924,5.5,2.200000048,NA
CTC_846,Artec.Micro,gic,Fine-grained chert,Tool,Bladelet,Optimal,0%,Complete,35.04,81.46,9.899999619,4.800000191,1.5,NA
CTC_847,Artec.Micro,gic,Fine-grained chert,Tool,Bladelet,Optimal,0%,Complete,22.75,67.35,11.10000038,3.900000095,1.299999952,NA
CTC_848,Artec.Micro,gic,Fine-grained chert,Tool,Bladelet,Optimal,0%,Complete,20.28,64.02,7.699999809,4.599999905,1.200000048,NA
CTC_849,Artec.Micro,gic,Fine-grained chert,Tool,Bladelet,Optimal,0%,Complete,30.42,87.43,11.39999962,4.800000191,1.200000048,NA
CTC_851,Artec.Micro,gic,Fine-grained chert,Tool,Bladelet,Optimal,0%,Complete,14.08,45.37,6.800000191,4.099999905,1.5,NA
CTC_852,Artec.Micro,gic,Fine-grained chert,Tool,Bladelet,Optimal,0%,Distal,43.8,128.72,NA,4.599999905,1.100000024,NA
CTC_854,Artec.Micro,gic,Fine-grained chert,Tool,Bladelet,Optimal,0%,Complete,68.49,147.4,15,5.800000191,1.700000048,NA
CTC_855,Artec.Micro,gic,Fine-grained chert,Tool,Bladelet,Optimal,0%,Complete,15.53,55.04,9,3.599999905,1.100000024,NA
CTC_856,Artec.Micro,gic,Fine-grained chert,Tool,Bladelet,Optimal,0%,Complete,19.8,60.34,8.699999809,4.5,1.299999952,NA
CTC_857,Artec.Micro,gic,Fine-grained chert,Tool,Bladelet,Optimal,0%,Complete,44.21,145.47,14.30000019,4.900000095,1.200000048,NA
CTC_858,Artec.Micro,gic,Fine-grained chert,Tool,Bladelet,Optimal,0%,Complete,59.22,135.48,12.80000019,5.800000191,1.799999952,NA
CTC_859,Artec.Micro,gic,Fine-grained chert,Tool,Bladelet,Maintenance,0%,Complete,94.58,209.05,14.5,9.199999809,1.600000024,NA
CTC_86,Artec.Spider,rsa',Coarse-grained chert,Tool,Flake,Maintenance,0%,Complete,3966.76,2110.47,43.90000153,25,11,NA
CTC_860,Artec.Micro,gic,Fine-grained chert,Tool,Bladelet,Optimal,0%,Complete,21.08,61.62,8.899999619,3.099999905,1,NA
CTC_861,Artec.Micro,gic,Fine-grained chert,Tool,Bladelet,Optimal,0%,Complete,23.39,69.73,9.800000191,3.799999952,1.899999976,NA
CTC_862,Artec.Micro,gic,Fine-grained chert,Tool,Bladelet,Optimal,0%,Complete,26.42,76.36,10.5,4.699999809,1.5,NA
CTC_879,Artec.Micro,gic,Fine-grained chert,Tool,Bladelet,Optimal,0%,Distal,83.8,173.17,NA,5.199999809,1.700000048,NA
CTC_88,Artec.Spider,rsa',Fine-grained chert,Tool,Flake,Optimal,0%,Distal,17205.27,5158.23,60.70000076,45.09999847,18,NA
CTC_89,Artec.Spider,rsa',Fine-grained chert,Core,Flake,Semi-cortical,1-33%,Undetermined,7899.68,2847.47,46.20000076,28.39999962,11.5,Bipolar
CTC_9,Artec.Spider,rsa',Fine-grained chert,Core,Other,Other,1-33%,NA,2848.42,1293.69,27.89999962,13.80000019,25,Multi-platform
CTC_90,Artec.Spider,rsa',Coarse-grained chert,Core-Tool,Flake,Semi-cortical,33-66%,Undetermined,6243.55,2857.62,52.09999847,41.20000076,9,Burin core
CTC_902,Artec.Micro,rsa',Fine-grained chert,Tool,Bladelet,Optimal,0%,Complete,158.87,296.64,20,7.800000191,2.400000095,NA
CTC_903,Artec.Micro,gic,Fine-grained chert,Tool,Bladelet,Optimal,0%,Complete,46.59,112.85,9.399999619,6.300000191,1.200000048,NA
CTC_904,Artec.Micro,gic,Fine-grained chert,Tool,Bladelet,Optimal,0%,Complete,102.49,199.55,18.5,5.800000191,2,NA
CTC_905,Artec.Micro,gic,Fine-grained chert,Tool,Bladelet,Optimal,0%,Complete,133.31,232.24,18.39999962,7.099999905,2.299999952,NA
CTC_906,Artec.Micro,gic,Fine-grained chert,Tool,Bladelet,Optimal,0%,Complete,64.63,153.7,16.39999962,5.300000191,1.700000048,NA
CTC_907,Artec.Micro,gic,Fine-grained chert,Tool,Bladelet,Optimal,0%,Complete,92.87,172.66,15.89999962,5.5,2,NA
CTC_908,Artec.Micro,gic,Fine-grained chert,Tool,Bladelet,Optimal,0%,Complete,36.99,95.55,9.800000191,5.599999905,1.5,NA
CTC_909,Artec.Micro,gic,Fine-grained chert,Tool,Bladelet,Optimal,0%,Complete,67.28,157.01,20.20000076,4.099999905,2,NA
CTC_910,Artec.Micro,gic,Fine-grained chert,Tool,Bladelet,Optimal,0%,Complete,29.37,85.74,11.30000019,3.900000095,1.399999976,NA
CTC_911,Artec.Micro,gic,Fine-grained chert,Tool,Bladelet,Optimal,0%,Complete,55.93,123.54,11.30000019,7.199999809,2.099999905,NA
CTC_912,Artec.Micro,gic,Fine-grained chert,Tool,Bladelet,Optimal,0%,Complete,9.99,37.93,7.199999809,2.5,1,NA
CTC_913,Artec.Micro,gic,Fine-grained chert,Tool,Bladelet,Optimal,0%,Complete,13.8,55.4,9.199999809,3.799999952,1.100000024,NA
CTC_914,Artec.Micro,gic,Radiolarite,Tool,Bladelet,Optimal,0%,Complete,16.17,52.43,7.300000191,3.799999952,0.800000012,NA
CTC_915,Artec.Micro,gic,Radiolarite,Tool,Bladelet,Optimal,0%,Complete,34.24,90.93,9.600000381,5.400000095,1.5,NA
CTC_92,Artec.Spider,rsa',Coarse-grained chert,Core-Tool,Flake,Initialization,66-99%,Complete,14444.59,4225.6,52,36.5,14.60000038,Carinated
CTC_920,Artec.Micro,gic,Fine-grained chert,Tool,Bladelet,Optimal,0%,Complete,45.14,139.55,17.29999924,5,1.200000048,NA
CTC_921,Artec.Micro,gic,Fine-grained chert,Tool,Bladelet,Optimal,0%,Complete,189.9,354.92,27.5,7.599999905,1.799999952,NA
CTC_922,Artec.Micro,gic,Fine-grained chert,Tool,Bladelet,Optimal,0%,Complete,37.56,82.64,10.19999981,5.300000191,2,NA
CTC_923,Artec.Micro,gic,Fine-grained chert,Tool,Bladelet,Optimal,0%,Complete,70,142.59,17.70000076,4.300000191,2.400000095,NA
CTC_924,Artec.Micro,gic,Fine-grained chert,Tool,Bladelet,Optimal,0%,Complete,43.61,106.25,12.89999962,5.300000191,2,NA
CTC_925,Artec.Micro,gic,Fine-grained chert,Tool,Bladelet,Optimal,0%,Complete,12.41,40.9,7.400000095,2.799999952,1.200000048,NA
CTC_926,Artec.Micro,gic,Fine-grained chert,Tool,Bladelet,Optimal,0%,Complete,56.94,121.04,11.80000019,6.099999905,2.299999952,NA
CTC_927,Artec.Micro,gic,Fine-grained chert,Tool,Bladelet,Optimal,0%,Complete,80.51,151.4,16.5,4.699999809,2.5,NA
CTC_928,Artec.Micro,gic,Radiolarite,Tool,Bladelet,Optimal,0%,Complete,99.16,182.6,19.29999924,5,1.899999976,NA
CTC_929,Artec.Micro,gic,Fine-grained chert,Tool,Bladelet,Optimal,0%,Complete,13.35,45.78,8.100000381,3.200000048,1,NA
CTC_93,Artec.Spider,rsa',Fine-grained chert,Core-Tool,Other,Other,33-66%,NA,11236,3014.3,30.39999962,33.5,28.29999924,Carinated
CTC_930,Artec.Micro,gic,Fine-grained chert,Tool,Bladelet,Optimal,0%,Complete,38.5,108.92,15.30000019,4,1.600000024,NA
CTC_931,Artec.Micro,gic,Fine-grained chert,Tool,Bladelet,Optimal,0%,Complete,37.1,90.02,10.5,5.599999905,2,NA
CTC_932,Artec.Micro,gic,Fine-grained chert,Tool,Bladelet,Optimal,0%,Complete,57.53,153.78,19.70000076,4.800000191,1.600000024,NA
CTC_933,Artec.Micro,gic,Fine-grained chert,Tool,Bladelet,Optimal,0%,Complete,47.25,112.88,11.10000038,6.099999905,1.5,NA
CTC_934,Artec.Micro,rsa',Fine-grained chert,Tool,Bladelet,Optimal,0%,Complete,6.95,36.24,6,3.900000095,0.5,NA
CTC_935,Artec.Micro,gic,Fine-grained chert,Tool,Bladelet,Optimal,0%,Complete,57.28,145.49,17.39999962,4.900000095,1.100000024,NA
CTC_936,Artec.Micro,gic,Radiolarite,Tool,Bladelet,Optimal,0%,Complete,41.2,110.27,14.19999981,4.5,1.299999952,NA
CTC_937,Artec.Micro,gic,Fine-grained chert,Tool,Bladelet,Optimal,0%,Complete,31.54,88.62,11.69999981,5.400000095,1.399999976,NA
CTC_938,Artec.Micro,gic,Fine-grained chert,Tool,Bladelet,Optimal,0%,Complete,37.6,119.66,16.60000038,4.5,1.100000024,NA
CTC_939,Artec.Micro,gic,Fine-grained chert,Tool,Bladelet,Optimal,0%,Complete,41.43,120.74,18,3.700000048,2,NA
CTC_94,Artec.Spider,rsa',Fine-grained chert,Core-Tool,Flake,Semi-cortical,33-66%,NA,3538.15,1423.68,23.60000038,28.29999924,14.60000038,Carinated
CTC_940,Artec.Micro,gic,Fine-grained chert,Tool,Bladelet,Optimal,0%,Complete,34.56,102.24,14.69999981,4,1.600000024,NA
CTC_941,Artec.Micro,gic,Fine-grained chert,Tool,Bladelet,Optimal,0%,Complete,20.66,69.67,11,4,1.100000024,NA
CTC_944,Artec.Spider,gic,Fine-grained chert,Tool,Blade,Optimal,0%,Distal,5657.04,2702.82,46.59999847,27.89999962,9.5,NA
CTC_945,Artec.Spider,gic,Fine-grained chert,Core-Tool,Flake,Maintenance,0%,Complete,6086.92,2253.07,37.5,28,12.10000038,Carinated
CTC_946,Artec.Spider,gic,Fine-grained chert,Tool,Flake,Semi-cortical,1-33%,Complete,2986.04,1606.23,37.59999847,21.60000038,9.600000381,NA
CTC_947,Artec.Spider,gic,Fine-grained chert,Tool,Blade,Semi-cortical,1-33%,Complete,3212.53,2276.41,53.40000153,24.10000038,6.699999809,NA
CTC_948,Artec.Spider,gic,Fine-grained chert,Tool,Blade,Optimal,0%,Proximal,1529.49,929.63,NA,27.39999962,7.300000191,NA
CTC_949,Artec.Spider,gic,Fine-grained chert,Tool,Flake,Optimal,0%,Complete,1428.29,873.79,19.5,22.79999924,7.300000191,NA
CTC_95,Artec.Spider,rsa',Limestone,Core-Tool,Flake,Initialization,66-99%,Complete,18567.99,4373.34,52.90000153,39.90000153,19.39999962,Initial carinated
CTC_950,Artec.Spider,gic,Fine-grained chert,Core-Tool,Flake,Optimal,0%,Complete,4150.15,1710.71,29.60000038,29.60000038,11.30000019,Carinated
CTC_951,Artec.Spider,gic,Fine-grained chert,Tool,Blade,Optimal,0%,Distal,2301.48,1650.16,38.40000153,21.39999962,6.099999905,NA
CTC_952,Artec.Spider,gic,Fine-grained chert,Tool,Undetermined,Optimal,0%,Distal,762.69,664.17,NA,29.70000076,5.199999809,NA
CTC_953,Artec.Spider,gic,Fine-grained chert,Core-Tool,Flake,Optimal,0%,Complete,2245.71,1163.96,26.89999962,22.20000076,10.89999962,Carinated
CTC_954,Artec.Spider,gic,Fine-grained chert,Core-Tool,Undetermined,Optimal,0%,Distal,1259.82,859.35,NA,21.89999962,8.600000381,Carinated
CTC_955,Artec.Spider,gic,Fine-grained chert,Core-Tool,Flake,Optimal,0%,Complete,6931.11,2515.43,37.20000076,31,15.39999962,Carinated
CTC_956,Artec.Spider,gic,Fine-grained chert,Core-Tool,Flake,Optimal,0%,Complete,3693.22,1595.3,34.79999924,19,13.39999962,Carinated
CTC_957,Artec.Spider,ars,Fine-grained chert,Tool,Flake,Optimal,0%,Complete,18090.04,5153.64,70.09999847,41.40000153,20.29999924,NA
CTC_958,Artec.Spider,ars,Fine-grained chert,Core-Tool,Flake,Semi-cortical,1-33%,Complete,2853.42,1311.98,24,27.10000038,13.19999981,Carinated
CTC_959,Artec.Spider,gic,Fine-grained chert,Tool,Flake,Optimal,0%,Complete,3695.28,1713.36,33,28.70000076,16.5,NA
CTC_960,Artec.Spider,gic,Fine-grained chert,Tool,Blade,Semi-cortical,1-33%,Proximal,4328.9,2420.65,48,27.5,9.399999619,NA
CTC_962,Artec.Spider,gic,Fine-grained chert,Tool,Blade,Semi-cortical,33-66%,Distal,1468.42,1006.01,NA,15.10000038,6.5,NA
CTC_964,Artec.Spider,gic,Fine-grained chert,Tool,Blade,Optimal,0%,Complete,2819.59,2163.61,55,24.89999962,6.699999809,NA
CTC_966,Artec.Spider,ars,Fine-grained chert,Tool,Flake,Optimal,0%,Complete,1755.39,1160.3,28.89999962,23.70000076,7.300000191,NA
CTC_970,Artec.Spider,gic,Fine-grained chert,Tool,Blade,Optimal,0%,Distal,760.42,885.98,NA,15.10000038,3.599999905,NA
CTC_971,Artec.Spider,gic,Quartzite,Tool,Flake,Optimal,0%,Undetermined,2110.9,1436.39,35.59999847,23.79999924,5.900000095,NA
CTC_973,Artec.Spider,ars,Fine-grained chert,Tool,Flake,Optimal,0%,Complete,1531.41,1020.77,29.39999962,17.70000076,8.199999809,NA
CTC_974,Artec.Spider,gic,Fine-grained chert,Core,Flake,Semi-cortical,1-33%,NA,1979.06,1187.79,27.79999924,25.70000076,7.300000191,Bipolar
CTC_975,Artec.Spider,gic,Fine-grained chert,Core-Tool,Flake,Semi-cortical,1-33%,NA,4276.91,1861.25,16,25.29999924,23.79999924,Carinated
CTC_976,Artec.Micro,ars,Fine-grained chert,Tool,Bladelet,Optimal,0%,Complete,526.96,753.62,46.09999847,9.199999809,2.799999952,NA
CTC_977,Artec.Spider,gic,Fine-grained chert,Core,Other,Other,0%,NA,4704.28,1916.1,20.39999962,27.5,19.79999924,Multi-platform
CTC_978,Artec.Spider,ars,Fine-grained chert,Core-Tool,Flake,Semi-cortical,1-33%,NA,6024.83,2395.28,35.29999924,12.39999962,35.79999924,Multi-platform carinated
CTC_979,Artec.Spider,gic,Fine-grained chert,Core-Tool,Other,Other,0%,NA,8569.8,2725.63,44,18.79999924,25,Carinated
CTC_98,Artec.Spider,rsa',Fine-grained chert,Tool,Flake,Optimal,0%,Complete,10696.74,3594.21,37.29999924,44.5,16,NA
CTC_980,Artec.Spider,gic,Fine-grained chert,Core-Tool,Flake,Semi-cortical,1-33%,NA,12313.44,3427.86,20,42.20000076,31.5,Carinated
CTC_981,Artec.Spider,ars,Fine-grained chert,Core-Tool,Flake,Optimal,0%,Complete,22589,4743.2,23.79999924,49.40000153,42.20000076,Multi-platform carinated
CTC_982,Artec.Spider,gic,Fine-grained chert,Core,Other,Other,1-33%,NA,16397.47,4115.46,38.09999847,23,43.70000076,Semi-circumferential
CTC_985,Artec.Spider,gic,Fine-grained chert,Core-Tool,Flake,Semi-cortical,1-33%,NA,9533.56,2769.59,22,34.70000076,36.79999924,Carinated
CTC_986,Artec.Spider,gic,Fine-grained chert,Core,Flake,Optimal,0%,NA,11109.4,3081.29,17,33.09999847,30.89999962,Undetermined
CTC_988,Artec.Spider,gic,Fine-grained chert,Tool,Blade,Optimal,0%,Proximal,2925.7,1825.2,NA,23.29999924,6.300000191,NA
CTC_989,Artec.Spider,gic,Fine-grained chert,Core-Tool,Other,Other,33-66%,NA,9657.89,2794.39,25.5,25,30.89999962,Carinated
CTC_99,Artec.Spider,rsa',Fine-grained chert,Tool,Flake,Semi-cortical,1-33%,Distal,4586.91,2004.32,27.20000076,36,9.899999619,NA
CTC_990,Artec.Micro,gic,Fine-grained chert,Tool,Bladelet,Optimal,0%,Distal,207.98,331.95,NA,7.699999809,2.400000095,NA
CTC_991,Artec.Spider,gic,Fine-grained chert,Core,Flake,Semi-cortical,33-66%,NA,13395.14,4086.08,25.70000076,45.20000076,43.90000153,Undetermined
CTC_992,Artec.Spider,gic,Fine-grained chert,Core-Tool,Flake,Semi-cortical,1-33%,NA,12121.6,3658.66,24.79999924,36.29999924,50,Carinated
CTC_993,Artec.Spider,gic,Fine-grained chert,Core-Tool,Flake,Semi-cortical,1-33%,NA,5010.92,1779.61,20,27.29999924,32.59999847,Carinated
CTC_994,Artec.Spider,gic,Fine-grained chert,Core,Other,Other,1-33%,NA,7835.56,2547.33,35.59999847,25,30,Semi-circumferential
CTC_995,Artec.Spider,gic,Fine-grained chert,Core,Other,Other,1-33%,NA,11860.51,3417.25,37,31,35.90000153,Multidirectional
CTC_996,Artec.Spider,gic,Fine-grained chert,Core,Flake,Optimal,0%,NA,1102.4,663.94,18.10000038,18.60000038,7.800000191,Wide-faced flat
CTC_997,Artec.Micro,gic,Fine-grained chert,Tool,Bladelet,Optimal,0%,Complete,29.38,70.54,8.600000381,4.400000095,1.899999976,NA
CTC_998,Artec.Micro,gic,Fine-grained chert,Tool,Bladelet,Optimal,0%,Complete,107.95,216.64,16.89999962,8.300000191,1.600000024,NA
CTC_999,Artec.Spider,gic,Fine-grained chert,Blank,Blade,Maintenance,0%,Complete,2916.17,2095.15,59.59999847,17.5,7.199999809,NA
